datum,M01AB,M01AE,N02BA,N02BE,N05B,N05C,R03,R06
01/12/2014,14,11.67,21.3,185.95,41,0,32,7
01/19/2014,29.33,12.68,37.9,190.7,88,5,21,7.2
01/26/2014,30.67,26.34,45.9,218.4,80,8,29,12
02/02/2014,34,32.37,31.5,179.6,80,8,23,10
02/09/2014,31.02,23.35,20.7,159.88,81,12,29,12
02/16/2014,22.65,29.72,53.3,226.8,98,7,31,6
02/23/2014,33.33,30.69,47.3,320.7,89,14,18,16.2
03/02/2014,39.01,34.25,44.2,232.7,99,5,35,7
03/09/2014,36.68,28.75,40.355,222.5,52,2,16,10.1
03/16/2014,25.02,21.11,31.8,202.375,48,4,16,9.2
03/23/2014,32.35,23.77,36.2,164.8,90,5,36,19
03/30/2014,39.36,23.72,26.1,202.8,36,4,27,23.6
04/06/2014,25.69,17.33,36.2,136.6,42,6,29,24.5
04/13/2014,19.68,22.05,36.4,153.7,31,7,27,20
04/20/2014,36.03,20.38,21.2,141,46,4,22,20.3
04/27/2014,27.36,19.38,35.15,134.2,59,1,24,20
05/04/2014,26.36,20.215,22,182.5,54,4,16,13
05/11/2014,22.02,27.16,23.9,176.6,49,6,24,13.9
05/18/2014,24.67,32.485,29.6,151.6,69,11,15,36
05/25/2014,22.38,26.4,35.2,154,56,2,42,18.5
06/01/2014,25.02,22.278,33.7,115.7,56,5,20,36.6
06/08/2014,17.71,22.08,25.1,143.38,69,3,19,28.1
06/15/2014,23.34,23.06,33.9,154.425,64,8,19,27.5
06/22/2014,29.03,17.4,23.6,95.3,87,8,20,36.8
06/29/2014,31.68,20.73,26.1,106.7,66,5,11,24
07/06/2014,21.02,27.5,37.3,156.8,96,1,6,18
07/13/2014,27.35,24.74,30,135.8,64,3,8,10
07/20/2014,26.01,22.38,34.7,122.8,83,7,27,16.2
07/27/2014,33.67,20.76,20.5,96,84,6,12,14.4
08/03/2014,28.01,28.77,33.1,116.2,77,2,8,16
08/10/2014,20.02,7.71,23.2,95.1,80,9,11,16.5
08/17/2014,28.36,19.74,28.4,123.6,83,8,3,16.9
08/24/2014,26.02,19.53,34.7,103.4,99,5,3,23.6
08/31/2014,36.36,25.225,20.5,111.2,92,7,14,11.3
09/07/2014,22.05,31.275,29,160.15,112,3,12,15
09/14/2014,29.7,29.369,23.6,113.72,109,5,9,18.6
09/21/2014,18.7,22.41,22.4,216.35,104,0,28,10.2
09/28/2014,18.02,22.915,28.7,227.1,69,3,44,8
10/05/2014,25.36,25.38,31.1,239.55,95,4,2,16
10/12/2014,32.35,26.456,30.6,272.04,73,3,81,14
10/19/2014,23.7,23.085,33.1,296.975,103,7,21,10.5
10/26/2014,23.115,30.6103125,28.3375,223.621875,96.0625,4.625,28,13.1875
11/02/2014,19.69,25.14,25.2,213.6,95,3,30,10
11/09/2014,25.67,14.82,34.1,203.8,112.5,4,39,7
11/16/2014,40.67,31.05,29.8,177.9,152,5,25,6.2
11/23/2014,31.67,24.34,31.3,177.1,110,4,22,10.2
11/30/2014,28.35,25.04,37.5,161.5,105.5,3,38,8.7
12/07/2014,31.06,18.09,39.6,161.5,96,7,20,18.1
12/14/2014,28.69,30.281,18.3,175.7,114,4,40,9.4
12/21/2014,25.02,22.02,30.4,221.58,109,7,21,3
12/28/2014,25.01,20.69,24.34,203.6,78,6,31,6
01/04/2015,36.18,32.79,27.784,282.7,154,4,54,12
01/11/2015,36.68,34.54,24.7,300.22,65,7,25.25,10
01/18/2015,19.34,37.311,32.9,234.4,98,7,39,10
01/25/2015,39.35,30.35,38.8,231.45,115,4,32,9
02/01/2015,29.69,14.538,32.2,246.55,128,3,58,8
02/08/2015,32.19,36.58,29.7,199.3,101,8,40,9
02/15/2015,20.34,31.329,31.6,195.25,74,1,36,11
02/22/2015,35.01,29.646,44.2,222.82,77,4,65,13
03/01/2015,21.67,32.782,20.63,283.812,34,2,69,14
03/08/2015,43.35,30.526,31.1,241.67,54,5,38,12
03/15/2015,41.68,25.777,23.7,245.35,39,1,17,10
03/22/2015,27.02,29.867,33,267.6,53,2,35,13
03/29/2015,42,27.35,24.3,254.4,55,2,58,6
04/05/2015,25.01,31.672,28.9,232.4,49,4,58,17
04/12/2015,35.01,23.807,42.1,227.87,42,3,15,21
04/19/2015,40.18,24.825,30.4,189.7,45,2,40,19
04/26/2015,41.65,22.868,32,224.3,42,0,19,26
05/03/2015,36.66,21.835,24.9,239.1,46,0,6,24
05/10/2015,29.34,21.013,23.94,196.8,40,2,20,41.7
05/17/2015,22,34.129,30.8,166.2,48,3,26,38.8
05/24/2015,35,31.083,39.5,198.35,34,0,12,36.7
05/31/2015,35.68,23.452,23.2,126.85,54,2,10,29.8
06/07/2015,50.33,24.047,32.5,196.1,44,3,51,38.5
06/14/2015,35.34,28.02,27.7,143.55,54,5,53,28
06/21/2015,28.34,24.99,30.5,167.476,55,3,26,27.6
06/28/2015,41.67,23.04,35.76,174.4,52,3,83,34.9
07/05/2015,39.84,29.31,41.5,172.987,29,1,18,28
07/12/2015,36.36,27.02,28.3,152.1,66,1,35,30.3
07/19/2015,30.51,26.38,24.2,198.25,52,0,21,40.5
07/26/2015,38.71,20.37,23,142.75,26,3,7,26.3
08/02/2015,36.35,23.34,27.8,171.85,44,2,7,25
08/09/2015,50.36,36.73,40.2,134.878,65,0,3,19.5
08/16/2015,33.83,22.65,31.7,168.2,42,4,11,17.7
08/23/2015,41.01,37.703,33.6,169.688,64,3,7,20
08/30/2015,41.17,24.746,29,194,65,5,10,18
09/06/2015,51.68,38.38,27.7,186.9,62,3,11,22
09/13/2015,39.35,41.22,25.3,180.15,66.5,3,22,21
09/20/2015,38.33,33.632,34.1,236.2,56,4,24,17
09/27/2015,38.67,27.551,23.9,189.1,56.5,0,17,18
10/04/2015,41.22,31.036,23.5,207.075,50,4,17,14
10/11/2015,44.65,30.079,22,245.662,41,0,50,10
10/18/2015,45.33,24.244,34.4,333.337,73.5,4,51,18
10/25/2015,42.66,40.093,35.9,423.174,41.5,1,32,16
11/01/2015,48.17,21.835,30.9,352.762,42,1,40,19
11/08/2015,29.98,28.993,35.6,377.4,59,2,33,12
11/15/2015,32.49,28.097,34.7,342.875,60,6,33,10
11/22/2015,36.97,38.11,42.4,249.3,52,4,70,7
11/29/2015,32.01,23.792,29.9,273.5,55,4,32,13
12/06/2015,31.65,28.419,28.3,253.6,45,3,19,11
12/13/2015,31.32,24.97,29.4,278.25,54,12,25,9.33
12/20/2015,41.51,36.286,40.2,234.887,58,3,72,11.1
12/27/2015,32.99,24.385,25.1,216.6,47,6,52,6
01/03/2016,31.98,26.858,26.5,330.062,75,5,50,11.3
01/10/2016,33.33,25.637,24.3,341.15,58,4,48,13
01/17/2016,41.65,25.136,41.3,342.2,48,4,35,9
01/24/2016,51.67,27.211,50.5,365.25,82,0,21,12
01/31/2016,27.98,33.375,39.7,320.5,65,9,46,17
02/07/2016,46.01,37.66,37.5,341.074,52,10,62,12.5
02/14/2016,51.66,38.957,34.6,321.824,39,5,37,10
02/21/2016,33.83,36.618,37.1,294.613,71,3,78,16
02/28/2016,38.67,23.442,24.6,272.95,52,7,60,12
03/06/2016,42.65,30.851,33.9,289.275,64,5,67,19
03/13/2016,38.16,38.082,33.8,298.8,55,4,28,19
03/20/2016,28.83,44.87,25.1,255.7,41,2,62,12.34
03/27/2016,42.64,48.752,32.9,244.662,67,3,81,26
04/03/2016,35.5,26.515,45.4,283.488,72,4,52,26
04/10/2016,38.18,27.436,30.2,270.45,41,0,74,44.4
04/17/2016,47.66,41.244,28.25,200.65,35,6,60,40.6
04/24/2016,27.66,32.917,31.5,255.225,80.33333333,3,50,39.9
05/01/2016,32.98,26.154,36.2,177.15,54,8,40,26.8
05/08/2016,38.64,33.805,36.75,209.112,109.6666667,1,25,26.2
05/15/2016,35.32,35,21,257.5,54,4,9,32
05/22/2016,34.34,31.64,33.75,220.9,56,1,35,20.5
05/29/2016,28.68,27.962,33.6,240,61,3,46,34.2
06/05/2016,59.68,19.906,34.6,228.35,78,10,21,40.4
06/12/2016,41.67,22.859,22.25,154.05,50,3,35,31
06/19/2016,55.99,26.003,25,228.962,58,3,36,38.2
06/26/2016,28.67,30.571,28.25,185.4,60,2,42,37
07/03/2016,34.35,25.572,32.65,163.038,71,0,22,25.6
07/10/2016,33.66,27.616,34.1,147,61.5,12,45,28
07/17/2016,41.34,41.462,27.05,152,64,5,15,24.3
07/24/2016,41.89833333,32.483,25,150.262,50,0,21,32.53
07/31/2016,39.65,25.947,38.3,147.6,42,0,10,22
08/07/2016,56.31,29.82,30.65,134.5,70,3,30,23
08/14/2016,53.99,25.306,32.4,162.6,111.5,1,62,20.3
08/21/2016,53.34,34.554,35.1,170.9166667,84,5,13,19
08/28/2016,43.98,23.31,27,162.75,45,4,17,22.5
09/04/2016,40.16,23.388,29.2,143.8166667,24,2,21,17.2
09/11/2016,47.66,23.918,25.5,172.8,53,0,16,20.3
09/18/2016,32.63,33.196,30.35,255.024,72,8,26,20
09/25/2016,37.66,34.522,20.9,225.15,93,0,37,12.1
10/02/2016,33.67,27.927,25.5,264.225,67,5,29,11
10/09/2016,65.33,26.178,34.35,382.338,44,5,38,17.2
10/16/2016,36.35,31.957,35.5,418.187,30,2,46,13.5
10/23/2016,41.65,29.267,38.2,347.35,134.8333333,3,59,13.3
10/30/2016,38.96,34.651,32.8,293.8166667,41,3,47,15.1
11/06/2016,42.81,30.655,39.75,346,68,3,29,9
11/13/2016,34.98666667,21.959,26.5,256.55,54,3,42,23.2
11/20/2016,46.33,33.97,37.3,260.8,67.16666667,4,36,10.6
11/27/2016,37.66,22.319,32.75,252.812,50,9,22,10.4
12/04/2016,37.02,32.399,30.95,243.124,45,9,48,12
12/11/2016,34.18,25.265,19.95,302.162,52,2,55,4.2
12/18/2016,41.85,23.892,37.75,275.424,37,4,71,11
12/25/2016,35.14,27.539,25.4,303.525,88.33333333,6,88,9.2
01/01/2017,26,29.634,19.1,315.2,28,3,31,6.5
01/08/2017,49.20375,42.70525,31.52916667,546.899,53.75,6.875,55.25,4.625
01/15/2017,33.6875,30.3825,33.54166667,343.35,62.91666667,3.958333333,47.65625,14.58333333
01/22/2017,48.74583333,34.27541667,60.125,368.4791667,120,5.416666667,31.66666667,12.16666667
01/29/2017,39.45416667,30.46041667,41.5,320.5833333,115.8333333,9.583333333,45.41666667,15.83333333
02/05/2017,43.97083333,42.04583333,44.70833333,298.505,105.8333333,8.333333333,55.41666667,12.70833333
02/12/2017,54.1575,42.41791667,40.70833333,265.8933333,79.33333333,9.166666667,44.33333333,14.43333333
02/19/2017,47.3225,29.09,33.55,146.2,39,3,27,9
02/26/2017,27.33,22.648,11.75,128.05,18,0,18,10.3
03/05/2017,32.67,32.354,32.2,170.7,49.875,2,36,8.2
03/12/2017,46.35,31.48,34.6,134.7,53,4,48,19.5
03/19/2017,37.51,27.736,26.2,171.1,31,7,20,17
03/26/2017,33.99,18.654,19.2,146.1,35,0,25,11
04/02/2017,36.83,29.719,18.85,122,36,0,31,32.1
04/09/2017,28.18,18.389,29,138.4,39,0,20,37.9
04/16/2017,32.66,21.023,23.4,119.1,34,3,47,22.5
04/23/2017,48.66,15.904,18.4,126.65,21,2,58,23.2
04/30/2017,32.3,26.812,27,130.7,38,2,17.875,16
05/07/2017,32.99,31.253,25.7,106.75,33,2,48,45.3
05/14/2017,25.34,27.396,19.05,92.85,30,0,44,25.1
05/21/2017,38.98,23.892,31.95,109.9,36,14,24,40.7
05/28/2017,31.67,31.409,11.2,150.6,32,3,27,39
06/04/2017,32.33,25.58,23.85,129.39,37,0,23,42.01
06/11/2017,31.01,20.991,24.15,137.4,38,9,44,26
06/18/2017,30.49,30.596,27.25,122.95,37,0,37,38.7
06/25/2017,21.66,30.099,14.25,96.45,40,3,40,44.37
07/02/2017,28.16,14.98,22.1,128,31,2,23,34.83
07/09/2017,34.68,22.198,27.75,95.5,41,0,39,31
07/16/2017,35.49,24.249,22.1,110.6,63,1,37,20
07/23/2017,27.67,36.152,14.15,111,41,5,25,13
07/30/2017,41.83,27.196,21.5,117,43,8,31,25
08/06/2017,29.635,21.789,12.2,100.75,52,1,7,13.1
08/13/2017,41.66,17.361,13.25,112.912,41,2,13,17
08/20/2017,20.01,26.372,22,103.788,66,5,12,10.5
08/27/2017,35.82,24.529,24.15,115.85,56,0,20,14.5
09/03/2017,40.65,27.929,12.55,170.75,60,2,23,12
09/10/2017,55.86,27.681,27.7,124.4,48,3,16,14.1
09/17/2017,38.17,32.36,24.8,182.7,44,1,8,21.5
09/24/2017,27,24.063,24.65,152.95,73,3,30,18.4
10/01/2017,39.98,30.489,11.1,219.75,48,7,19,18
10/08/2017,20.67,27.098,17.6,323.05,42,13,98,4
10/15/2017,32.66,22.364,23.5,305.15,48,4,49,12
10/22/2017,33.67,17.809,14.5,222.6,41,3,52,13.5
10/29/2017,29.5,22.792,23,268.9,73,5,44,10
11/05/2017,31.98,14.858,30.4,244.8,48,2,73,12.5
11/12/2017,29.5,31.459,21.05,221.75,35,3,35,12.2
11/19/2017,40.52,25.356,27.45,184.2,44,3,51,8.5
11/26/2017,35.32,28.181,22.9,191.1,40,3,69,8.9
12/03/2017,45.99,31.004,20.5,203.624,64,3,21,7
12/10/2017,38.34,26.156,27.55,218.825,35,3,40,17.5
12/17/2017,27.01,20.066,29.5,215.6,50,1,64,13
12/24/2017,38.51,28.746,24.4,240,53,2,34,12
12/31/2017,24.33,21.46,22.6,168.7,38,0,32,5.6
01/07/2018,50.17,34.038,29.65,302.08,68,3,63,11
01/14/2018,28.33,17.311,11.45,230.2,31,0,39,16
01/21/2018,34.48,30.345,28.1,255.525,52,6,44,6
01/28/2018,36.65,19.624,22.5,226.8,49,2,75,9.5
02/04/2018,25.83,28.967,27.85,306.5,64,0,47,13
02/11/2018,26.98,38.715,26.55,318.1,64,3,34,17.4
02/18/2018,42.18,28.725,31.6,366.95,76,0,71.25,6.66
02/25/2018,31.51,43.618,28.7,338.562,62,1,48,6
03/04/2018,29.35,29.305,28.55,229.1,49,0,70,11
03/11/2018,19.33,20.772,33.2,256.549,115,16,68,14.5
03/18/2018,36.65,29.928,33.75,223.9,91,17,68,16.4
03/25/2018,31.33,21.538,19.65,207.8,77,2,61,24
04/01/2018,28.01,20.736,25.9,241.112,50,3,58,17.5
04/08/2018,43,27.77,20.3,224.724,117,16,51,21.1
04/15/2018,38.85,23.301,22.9,209.525,83,7,60,36.5
04/22/2018,38.83,22.308,23.5,175.7,64,3,52,53.5
04/29/2018,29.84,26.671,10.15,211.025,51,0,28,38.7
05/06/2018,50.67,25.443,25.05,155.912,60,3,66,56.4
05/13/2018,29.01,28.895,18.25,136.737,53,0,26,65
05/20/2018,53.82,24.282,25.15,160.8,66,4,31,51
05/27/2018,27.69,24.286,17,156.8,59,7,47,39.4
06/03/2018,31.16,20.346,24.15,135.786,60,2,31,37
06/10/2018,49.17,20.385,16.85,143.05,59,4,45,41.64
06/17/2018,30.32,26.023,17.45,138.45,61,6,23,24.4
06/24/2018,31.52,31.195,20.6,124.569,57,0,16,30.4
07/01/2018,27.51,29.299,20.75,143.062,45,3,29,32.6
07/08/2018,28.5,23.39,20,125.862,66,5,31,23.4
07/15/2018,30.99,33.31,21.75,136.45,78,3,41,33.5
07/22/2018,33.67,31.353,22.65,189.4,62,9,11,23.4
07/29/2018,33.66,32.057,16.3,165.6,65,2,24,29
08/05/2018,39.53,22.07,17.2,126.9,57,3,4,25.3
08/12/2018,26.34,20.936,18.3,106,58,8,9,29.3
08/19/2018,38.65,27.817,29,147.788,66,2,13,23
08/26/2018,31.32,33.509,16.4,169.85,56,7,28,20
09/02/2018,35.34,30.097,18.55,223.1,44,2,79,24.8
09/09/2018,27.7,17.799,19.5,165.1,54,4,36,17
09/16/2018,34.16,20.522,17.6,223.2,63,0,43,21.7
09/23/2018,40.16,20.918,19.25,253.55,71,6,42,17.4
09/30/2018,33.34,32.186,17.2,222.162,64,3,47,28
10/07/2018,36.84,35.993,27.25,320.35,54,2,67,17
10/14/2018,30.52,31.639,15.8,262.95,60,3,63,9.1
10/21/2018,32.66,28.57,20.65,239.5,87,7,56,22
10/28/2018,32.85,27.164,13.1,241,50,9,67,25
11/04/2018,32,30.677,20.15,300.725,71,6,116,14.8
11/11/2018,46.65,21.431,15.55,240.1,42.2,3,46,12.3
11/18/2018,39.99,19.789,34.55,255.85,70,5,93,8.9
11/25/2018,37.34,26.113,28,236.1,63,5,100,7.4
12/02/2018,43.33,29.494,23.4,201,54,6,67,11.3
12/09/2018,31.83,34.568,19.05,253.9,55,6,70,24.5
12/16/2018,23.49,21.509,15.7,222.6,60,0,56,9
12/23/2018,23.34,21.913,19.7,249.7,51,5,98,10.8
12/30/2018,37.68,17.239,13.8,240.6,53,9,58,9
01/06/2019,45.03,33.145,18.3,349.85,67,10,96,10.3
01/13/2019,41,31.263,23.55,289.65,51,2,54,11
01/20/2019,35.66,28.404,20.2,354.8,79.2,6,50,6
01/27/2019,51.19,52.069,27.95,384.05,69,3,121,13
02/03/2019,38.35,53.243,22.5,478.3,69,9,93,9
02/10/2019,52.18,53.571,30.65,348.562,64,5,131,13.7
02/17/2019,32.35,47.251,28.7,297.45,50,4,62,15.7
02/24/2019,35.01,36.772,31.8,249.912,78.4,0,35,16.6
03/03/2019,22.35,24.635,16.4,204,71,3,31,13.3
03/10/2019,26.68,18.414,20.85,187.8,49,6,57,23.9
03/17/2019,30.51,16.569,21.7,231.9,72,5,26,32.6
03/24/2019,43.51,22.953,20.2,251.45,66,5,88,32
03/31/2019,35.99,20.661,13.95,196.6,68.4,2,74,48
04/07/2019,31.17,43.774,20,172.9,69,4,53,49.5
04/14/2019,36.19,25.685,26.5,173.35,62,1,51,57.6
04/21/2019,30.33,28.165,14.5,125.5,72.4,4,42,40.5
04/28/2019,29.84,24.027,14.55,117.9,80,9,36,33.2
05/05/2019,57.7,14.514,21.95,181.3,67,6,62,36.4
05/12/2019,31.36,27.413,28.55,157.6,52,7,64,45.4
05/19/2019,36.35,19.968,22.2,149.1,79,8,123,24
05/26/2019,40,18.023,23.65,160,68,5,61.29166667,23.4
06/02/2019,42.17,28.925,24.35,194.4,49.8,5,65,34
06/09/2019,32.49,14.703,25,141.462,40,4,27,28
06/16/2019,37.67,16.537,28.8,157.6,52,7,45,28.1
06/23/2019,37.2,23.259,24.75,123.6,46,1,23,57
06/30/2019,35.66,27.388,20.5,148.5,49,10,32,35.94
07/07/2019,34.01,30.443,20.1,130.9,41,6,28,27
07/14/2019,34.65,20.777,19,132.05,47,1,17,28.8
07/21/2019,44,31.319,28.05,149.6,53.6,8,15,21
07/28/2019,47.33,18.649,17.45,149.2,55,2,15,28
08/04/2019,36.52,19.439,19.3,124.375,70,5,30,18.4
08/11/2019,44.01,23.3,21.3,156.45,54,11,48,19.7
08/18/2019,40.99,19.219,21.3,86.25,57,8,66,20
08/25/2019,45.18,19.109,13.55,125,53,2,35,23
09/01/2019,41.87,27.516,17.05,115.45,61,6,24,20.5
09/08/2019,30.36,16.842,25,117.4,45.2,4,15,27.1
09/15/2019,40.71,26.767,15.75,154.755,51,6,15,28.5
09/22/2019,35.51,30.977,19.65,178.375,67.2,5,30,30.5
09/29/2019,42.77,38.72,30.5,533.4,91,17,78,31
10/06/2019,36.03,38.204,30.5,308.454,150,6,103,25
10/13/2019,64.72,47.51,38,177.4,74,14,90,28.1
10/20/2019,51.4,50.92,43.1,233.5,57,3,65,8.4
10/27/2019,35.6,53.547,35.09,120.47,45,3,20,30.1
11/03/2019,51.43,16.62,38,478.5,113,15,105,22.8
11/10/2019,26.44,32.527,32.681,359.79,152,6,102,43.9
11/17/2019,27.24,9.809,48.17,467.02,19,11,53,30
11/24/2019,59.95,28.109,34.9,491.9,76,10,11,15.8
12/01/2019,36.36,52.061,44,531.8,112.2,9,122,29
12/08/2019,60.16,39.22,55.67,330.17,53,1,131,27.2
12/15/2019,57.278,30.062,58.9,113.67,140,14,24,49.4
12/22/2019,51.6,17.9,43.5,213.65,51,1,126,57
12/29/2019,20.86,15.18,14.1,388.88,99,4,38,43
01/05/2020,36.93,43.8,27.75,251.94,136,6,50,58
01/12/2020,59.45,29.23,36.31,473.3,38,17,38,56.7
01/19/2020,56.83,14.371,36.76,231.8,147,8,63,28
01/26/2020,54.18,24.667,31.2,105.34,67,1,56,18
02/02/2020,35.04,18.983,20.7,472.2,117,0,15,42.3
02/09/2020,40.32,49.952,35.7,268.321,67,10,101,42.9
02/16/2020,18.66,28.773,48,440.62,100,2,83,17.3
02/23/2020,24,7.72,25.3,395.681,99,8,36,32
03/01/2020,56.4,28.952,47.8,384.72,86,5,17,39
03/08/2020,56.71,18.482,42.4,333.1,124,17,21.316,13.6
03/15/2020,45.63,32.324,58.8,364.813,75,1,86,20
03/22/2020,23.83,29.56,57.2,426.7,109.9,6,12,24.5
03/29/2020,30.08,37.06,34,174.482,94,5,35,11.6
04/05/2020,48.95,12.25,34.18,164.9,122,2,78,50.6
04/12/2020,31.31,14.58,22.8,150.186,91,1,45,45
04/19/2020,29.3,8.7,47.31,244,22,7,38,3
04/26/2020,55.07,40.56,20.6,384,74.2,7,62,4.4
05/03/2020,51.88,23.71,42.3,92.59,43,11,45,55
05/10/2020,46.68,15.46,46.04,125.76,30,1,63,60
05/17/2020,42.68,10.5,48,492.55,59,10,9,33
05/24/2020,54.06,52.571,50.3,235.93,30,15,75,39.1
05/31/2020,42.33,11.07,29.7,413,19,15,14,64
06/07/2020,29.2,42.347,27,213.3,41,1,106,21
06/14/2020,18.13,26.873,32.65,91.28,102,10,8,19
06/21/2020,42.42,31.915,54.66,512,102,11,88,17
06/28/2020,55.65,35.438,23.6,201.41,110,15,35,21
07/05/2020,58.77,15.113,34.3,528.7,56,9,64,29.5
07/12/2020,60.06,42.259,44.63,221.58,109,1,48,45.2
07/19/2020,46.68,26.892,30.18,392.263,128,2,14,46
07/26/2020,61,26.58,30.7,280.3,37,9,128,32.1
08/02/2020,51.3,15.932,53.3,103.5,97,11,96,36
08/09/2020,31.8,43.7,51.3,239,19,12,43,44.4
08/16/2020,35.22,38.224,51.383,413.7,129,10,70,43
08/23/2020,43.577,44.74,55,500,56,8,116,50.4
08/30/2020,57.27,9.459,51.4,392,66,2,106,39
09/06/2020,64.58,7.9,30.9,526.1,109,15,116,28.2
09/13/2020,61.37,32.083,37,528.3,115,3,18,48
09/20/2020,20.64,17.217,56,485.809,110,6,83,9
09/27/2020,64.32,30.218,38.3,223.13,128,8,57,65
10/04/2020,21.8,20.212,30.95,215.92,98.5,11,6,7.3
10/11/2020,49.39,50.89,44.19,511,25,12,10,31.8
10/18/2020,21.44,42.377,12.8,303.6,54,14,121,14.5
10/25/2020,23.86,21.446,20,93.9,133,16,55,20.7
11/01/2020,31.38,22.828,56.5,95.704,120,12,66,6
11/08/2020,48.37,12.96,10.8,282.2,124,0,73,57
11/15/2020,56.51,49.842,19.37,135.19,31,14,42,20.8
11/22/2020,42.7,28.442,13,147,108,13,20,55.7
11/29/2020,26.53,38.34,39,273.375,113,13,96,8
12/06/2020,56.7,50.12,19.6,362.4,98,5,37,23.9
12/13/2020,21.72,52.315,60.12,349.8,48,8,28,26
12/20/2020,35.97,40.66,11.3,155,106,8,70,16.6
12/27/2020,19.49,17.23,50.6,343,91,10,24,23
01/03/2021,46.84,25.371,13.27,278.88,44,9,59,42.87
01/10/2021,43.55,44.71,19.67,150.17,66,17,38,9
01/17/2021,20,20.75,38.6,332.3,87,12,117,48.5
01/24/2021,55.22,10.576,53.3,152.619,97,14,15,54
01/31/2021,16,21.563,58.213,382.3,135,7,46,5
02/07/2021,64.1,30,58.46,498.8,104,0,38,3
02/14/2021,54.09,12.703,25.91,303.35,59,17,126,62
02/21/2021,27.39,37.616,41.9,169.6,108,13,9,13
02/28/2021,25.77,24.9,34.5,327.9,108,17,43,19
03/07/2021,46.25,49.51,37.5,421.8,63,1,112,30
03/14/2021,61.73,34.227,36,215.13,19,10,82,44
03/21/2021,23.33,11.002,47,113.7,78,4,18,19
03/28/2021,39.24,36.723,19.46,479.568,127,2,45,16
04/04/2021,18.25,11.713,12.8,375.7,94,8,73,27
04/11/2021,26.62,26.871,42.5,513.3,83,9,67,11
04/18/2021,53.27,36.071,30.3,298.4,81,5,124,8
04/25/2021,33.19,29.035,23.9,191.15,92,16,35,27
05/02/2021,48.23,25.684,11.8,184.7,70,15,6,55.3
05/09/2021,41.42,15.575,15,177.5,79,12,123,31
05/16/2021,20.33,17.156,56.12,171.6,85,5,93,5.2
05/23/2021,45.51,43.721,59.9,127.017,93,7,10,29.2
05/30/2021,42.37,47.56,10,190.7,128,6,52,27.7
06/06/2021,49.8,42.818,20,375.556,111,15,42,61
06/13/2021,60.94,35.273,41.7,93.8,149,10,22,41.76
06/20/2021,50.91,11.451,51.8,409.5,142,13,89,48.8
06/27/2021,48.29,27.97,59.34,334.3,82.3,4,43,11.1
07/04/2021,28.44,23.191,44.5,219.29,140,7,115,21.1
07/11/2021,57.88,35.253,11.1,421.8,75.2,10,58,54.8
07/18/2021,63.27,22.626,29.8,433.51,82,1,99,17.3
07/25/2021,52.66,44.582,20.9,335.4,71,12,94,16
08/01/2021,58.3,8.36,42.76,283.145,41,12,57,37.8
08/08/2021,26.1,31.28,30,468.757,136,3,52,60
08/15/2021,62.21,48.6,57.3,348.969,31,9,35,26.5
08/22/2021,19.95,32.181,36.4,253.4,54,14,66,16
08/29/2021,19.48,33.98,45.4,127,24,6,54,32.9
09/05/2021,54.5,11.62,47.7,188,85,5,113,23
09/12/2021,36.12,9.659,12.1,236,120,13,44,57
09/19/2021,53.76,14.597,54.1,447.474,61,9,68,5
09/26/2021,64.74,46.66,16.6,402.9,95,3,91,58
10/03/2021,21.85,26.54,18.8,337.49,20,10,62,5.9
10/10/2021,61.8,30.889,22.1,192.7,134,1,107,15
10/17/2021,29.15,22.43,17.8,309.8,104,5,45,45
10/24/2021,46.3,11.058,46.6,390.84,62,9,81,31.1
10/31/2021,37.52,32.93,59.9,346.7,152,7,95,34.2
11/07/2021,46.66,20.71,14.8,503,122,6,115,62
11/14/2021,38.4,22.879,29.6,394.215,44,9,44,49
11/21/2021,34.38,46.172,47.6,498,110,8,92,27
11/28/2021,46.34,37.892,44.7,138.8,23,13,35,55.24
12/05/2021,34.43,33.944,25.23,534,82,0,123,21
12/12/2021,28.36,33.823,19.43,440.1,33,2,15,38.4
12/19/2021,17.9,20.511,27,181.1,50,6,32,50
12/26/2021,48.15,40.82,29.1,272.42,55,5,33,9.64
01/02/2022,45.69,7.96,25.27,545.24,27,10,102,4
01/09/2022,25.29,49.033,29.41,506.13,107,10,69,36.9
01/16/2022,31.68,7.828,14.6,223.432,50,13,25,51
01/23/2022,56.67,52.74,14.4,376,18,0,26,53.3
01/30/2022,28.14,9.725,16.9,324.547,128,7,16,7.9
02/06/2022,33.8,51.814,57.7,377.65,146,1,106,29
02/13/2022,59.33,17.025,25.2,465.92,79,13,60,44.1
02/20/2022,32.57,34.86,18.6,249.34,83,8,83,57
02/27/2022,54,27.362,37.7,486.6,72,7,37,20.3
03/06/2022,34.3,22.85,23,173.5,72.6,15,36.63,17
03/13/2022,52.14,14.766,41.67,526.588,144,10,82,4
03/20/2022,55.24,8.009,31.81,117.71,129,13,101,25.4
03/27/2022,45.57,23.791,33.99,242.497,114,1,109,33
04/03/2022,33.68,29.693,19.2,494.5,133,17,73,33.4
04/10/2022,29.33,8.886,58.6,473.61,111,10,34,28
04/17/2022,27.24,51.143,27.9,290.05,120,2,110,37
04/24/2022,38.2,52.901,46.9,224.99,120,7,84,4.5
05/01/2022,26.1,44.028,23.62,536,21,13,41,48
05/08/2022,62.88,41.103,52,544.357,63,17,15,60
05/15/2022,34.73,17.785,38.85,345.857,40,4,39,47
05/22/2022,61.16,42.264,35.9,294.8,37,11,17,48.6
05/29/2022,25.77,31.46,44.3,316.2,105,4,112,4
06/05/2022,25,31.334,44.4,131.4,45,17,59,36
06/12/2022,47.7,25.51,15.8,98.54,97.4,8,124,60
06/19/2022,34.95,53.099,16.2,427.656,95,3,75,17.01
06/26/2022,45.48,40.825,23.5,349.9,154,8,108,15
07/03/2022,31.38,26.17,10.2,261.077,36,14,113,22.5
07/10/2022,46.01,23.599,41,523.709,123,9,55,62
07/17/2022,22.3,20.15,57.41,247.498,104,0,130,11.5
07/24/2022,51.13,53.17,48.2,309.2,134,16,9,10.4
07/31/2022,51.29,19.19,42,395.32,119,9,92,8.7
08/07/2022,44.53,32.154,14.96,428.2,148,5,74,35
08/14/2022,19.07,13.36,18.5,231.959,123.4,12,10,34.9
08/21/2022,45.84,51.869,13.26,143.1,91,6,126,37.89
08/28/2022,48.01,49.111,31.1,374.2,94.1,17,78,52.8
09/04/2022,27.34,44.314,26.4,278.275,73,3,23,56
09/11/2022,39.73,45.33,57.96,449.44,144,5,18,25
09/18/2022,28.41,30.8,24.9,292.2,57,0,19,21.1
09/25/2022,51.36,39.837,53.7,181.865,52,13,24,9.2
10/02/2022,55.94,10.551,27.2,224.928,35,17,7,23
10/09/2022,44.42,49.918,46.2,254,69,0,79,9.4
10/16/2022,19.8,19.52,15.31,341,95,9,96,40.5
10/23/2022,20.94,28.86,19,410.762,67,7,35,29
10/30/2022,43.68,20.703,39.44,360.7,24,2,34.91,23
11/06/2022,30.07,42.862,35,464.7,78,8,22,39
11/13/2022,41.38,7.796,25.15,295.467,135,2,72,6.4
11/20/2022,30.27,41.084,29.02,485.917,137,12,56,63
11/27/2022,27.99,20.01,16.3,168,136,6,109,18
12/04/2022,51.29,17.297,43.8,407.6,81,9,84,34
12/11/2022,24.63,12.304,35,136.3,132,1,92,27
12/18/2022,26.16,40.468,27.9,476,79,3,84,28.8
12/25/2022,33.39,32.359,37.4,235.8,54,6,53,28
01/01/2023,26.22,43.747,34.6,185.4,131,14,25,49
01/08/2023,19.56,22.482,30.023,314.01,130,15,29,25
01/15/2023,22.7,14.937,20.8,460.1,38,13,107,26
01/22/2023,39.77,20.63,22.1,226.738,126,8.332,58,5
01/29/2023,27.98,23.616,24.347,393,76,2,60,18
02/05/2023,48.36,11.02,30.8,223.75,26,15,29,47
02/12/2023,64.4,20.12,23.8,330,99,3,131,8
02/19/2023,31,16.858,57.7,353,25,5,83,62
02/26/2023,23.4,31.4,51.02,511.962,137,15,64,14.6
03/05/2023,59,15.587,39.76,243.5,65,2,88,13
03/12/2023,19.47,34.008,46.2,286.1,72,5,45,39
03/19/2023,17.91,23.892,31.9,117.1,40,4,103,51.7
03/26/2023,53.85,37.889,58,466.48,147,16,78,58
04/02/2023,39.1,40.12,33.4,534.8,128,1,52,5.6
04/09/2023,25.79,14.492,19.8,509.768,86,1,79,59
04/16/2023,46.35,21.01,54.1,334.53,19,0,6,23
04/23/2023,25.21,31.473,49.47,378.3,99,6,9,15
04/30/2023,52.31,26.29,19,136,63.56,7,95,53.1
05/07/2023,32.3,17.447,32.9,131.419,67,14,96,13.7
05/14/2023,56.62,49.713,45.8,260.702,77,12,118,11
05/21/2023,17.83,33.279,37.21,487.4,81,8,103,50.4
05/28/2023,56.59,19.622,24,234.305,154,10,66,44
06/04/2023,43.87,30.617,35,545.16,48,10,127,22
06/11/2023,47.882,13.202,13.3,314.55,84,5,98,18.9
06/18/2023,36.63,9.06,41.3,475.083,75,0,100,35
06/25/2023,42.23,28.224,25.9,287.1,82,3,98,15
07/02/2023,47.882,43.292,56.65,493.9,36,13,77,55.1
07/09/2023,55.17,20.291,18.68,267.9,87,9,79,48
07/16/2023,21.26,49.32,24.4,506.079,102,1,122,44.6
07/23/2023,53.39,31.71,31.7,238.014,77,9,5,52
07/30/2023,38.6,37.501,13,201.44,127,4,36,16.6
08/06/2023,47,43.07,55.7,188.9,62,6.088,11,38.8
08/13/2023,18.57,12.129,52.8,474.6,58,3,60.15,13.9
08/20/2023,57.28,47.33,12.2,362.211,99,1,109,8
08/27/2023,37.79,31.082,58.7,359.4,94,4,125,50
09/03/2023,24.81,24.49,58.6,456.9,130.9,4,73,51.7
09/10/2023,37.12,49.619,33.67,482.023,146,11,53,20
09/17/2023,47.53,46.601,11.6,373.7,152,5,88,7
09/24/2023,19.89,33.279,29.6,334.76,125,12,127,16
10/01/2023,36.68,39.12,42,327.9,126,10,62,20.9
10/08/2023,34.55,49.195,18.21,231,75,5,104,48
10/15/2023,60.97,39.265,26.2,524,129,7,10,33.98
10/22/2023,58.36,11.4,29.07,186.5,46,7,53,37.1
10/29/2023,39.45,43.2,29.32,286.878,50,3,119,15.3
11/05/2023,44.572,36.29,15.2,313.771,42,6,88,7.7
11/12/2023,59.63,31.861,53.75,172.7,52,5,70,34
11/19/2023,31.02,50.424,49.823,390.8,76,15,13,35
11/26/2023,37.35,39.32,52.68,137.7,96,14,87,3
12/03/2023,53.75,12.02,22.84,257.8,83,2,44,3